study	quant_method	tissue_label	condition_label	qtl_group	tissue_ontology_id	tissue_ontology_term	sample_size	ftp_path	ftp_paths_credible	studylabel
Alasoo_2018	ge	macrophage	naive	macrophage_naive	CL_0000235	macrophage	84	http://ftp.ebi.ac.uk/pub/databases/spot/eQTL/csv/Alasoo_2018/ge/Alasoo_2018_ge_macrophage_naive.all.tsv.gz	http://ftp.ebi.ac.uk/pub/databases/spot/eQTL/credible_sets/Alasoo_2018_ge_macrophage_naive.purity_filtered.txt.gz	Alasoo_2018_ge_macrophage
BLUEPRINT	ge	CD4+ T cell	naive	T-cell	CL_0000624	CD4-positive, alpha-beta T cell	167	http://ftp.ebi.ac.uk/pub/databases/spot/eQTL/csv/BLUEPRINT/ge/BLUEPRINT_ge_T-cell.all.tsv.gz	http://ftp.ebi.ac.uk/pub/databases/spot/eQTL/credible_sets/BLUEPRINT_PE.T-cell_ge.purity_filtered.txt.gz	BLUEPRINT_ge_CD4+ T cell
BLUEPRINT	ge	monocyte	naive	monocyte	CL_0002057	CD14-positive, CD16-negative classical monocyte	191	http://ftp.ebi.ac.uk/pub/databases/spot/eQTL/csv/BLUEPRINT/ge/BLUEPRINT_ge_monocyte.all.tsv.gz	http://ftp.ebi.ac.uk/pub/databases/spot/eQTL/credible_sets/BLUEPRINT_SE_ge_monocyte.purity_filtered.txt.gz	BLUEPRINT_ge_monocyte
BLUEPRINT	ge	neutrophil	naive	neutrophil	CL_0000775	neutrophil	196	http://ftp.ebi.ac.uk/pub/databases/spot/eQTL/csv/BLUEPRINT/ge/BLUEPRINT_ge_neutrophil.all.tsv.gz	http://ftp.ebi.ac.uk/pub/databases/spot/eQTL/credible_sets/BLUEPRINT_SE_ge_neutrophil.purity_filtered.txt.gz	BLUEPRINT_ge_neutrophil
CEDAR	microarray	B cell	naive	B-cell_CD19	CL_0000236	B cell	262	http://ftp.ebi.ac.uk/pub/databases/spot/eQTL/csv/CEDAR/microarray/CEDAR_microarray_B-cell_CD19.all.tsv.gz	http://ftp.ebi.ac.uk/pub/databases/spot/eQTL/credible_sets/CEDAR_microarray_B-cell_CD19.purity_filtered.txt.gz	CEDAR_microarray_B cell
CEDAR	microarray	CD4+ T cell	naive	T-cell_CD4	CL_0000624	CD4-positive, alpha-beta T cell	290	http://ftp.ebi.ac.uk/pub/databases/spot/eQTL/csv/CEDAR/microarray/CEDAR_microarray_T-cell_CD4.all.tsv.gz	http://ftp.ebi.ac.uk/pub/databases/spot/eQTL/credible_sets/CEDAR_microarray_T-cell_CD4.purity_filtered.txt.gz	CEDAR_microarray_CD4+ T cell
CEDAR	microarray	CD8+ T cell	naive	T-cell_CD8	CL_0000625	CD8-positive, alpha-beta T cell	277	http://ftp.ebi.ac.uk/pub/databases/spot/eQTL/csv/CEDAR/microarray/CEDAR_microarray_T-cell_CD8.all.tsv.gz	http://ftp.ebi.ac.uk/pub/databases/spot/eQTL/credible_sets/CEDAR_microarray_T-cell_CD8.purity_filtered.txt.gz	CEDAR_microarray_CD8+ T cell
CEDAR	microarray	monocyte	naive	monocyte_CD14	CL_0002057	CD14-positive, CD16-negative classical monocyte	286	http://ftp.ebi.ac.uk/pub/databases/spot/eQTL/csv/CEDAR/microarray/CEDAR_microarray_monocyte_CD14.all.tsv.gz	http://ftp.ebi.ac.uk/pub/databases/spot/eQTL/credible_sets/CEDAR_microarray_monocyte_CD14.purity_filtered.txt.gz	CEDAR_microarray_monocyte
CEDAR	microarray	neutrophil	naive	neutrophil_CD15	CL_0000775	neutrophil	280	http://ftp.ebi.ac.uk/pub/databases/spot/eQTL/csv/CEDAR/microarray/CEDAR_microarray_neutrophil_CD15.all.tsv.gz	http://ftp.ebi.ac.uk/pub/databases/spot/eQTL/credible_sets/CEDAR_microarray_neutrophil_CD15.purity_filtered.txt.gz	CEDAR_microarray_neutrophil
CEDAR	microarray	platelet	naive	platelet	CL_0000233	platelet	205	http://ftp.ebi.ac.uk/pub/databases/spot/eQTL/csv/CEDAR/microarray/CEDAR_microarray_platelet.all.tsv.gz	http://ftp.ebi.ac.uk/pub/databases/spot/eQTL/credible_sets/CEDAR_microarray_platelet.purity_filtered.txt.gz	CEDAR_microarray_platelet
Fairfax_2012	microarray	B cell	naive	B-cell_CD19	CL_0000236	B cell	281	http://ftp.ebi.ac.uk/pub/databases/spot/eQTL/csv/Fairfax_2012/microarray/Fairfax_2012_microarray_B-cell_CD19.all.tsv.gz	http://ftp.ebi.ac.uk/pub/databases/spot/eQTL/credible_sets/Fairfax_2012_microarray_B-cell_CD19.purity_filtered.txt.gz	Fairfax_2012_microarray_B cell
Fairfax_2014	microarray	monocyte	naive	monocyte_naive	CL_0002057	CD14-positive, CD16-negative classical monocyte	420	http://ftp.ebi.ac.uk/pub/databases/spot/eQTL/csv/Fairfax_2014/microarray/Fairfax_2014_microarray_monocyte_naive.all.tsv.gz	http://ftp.ebi.ac.uk/pub/databases/spot/eQTL/credible_sets/Fairfax_2014_microarray_monocyte_naive.purity_filtered.txt.gz	Fairfax_2014_microarray_monocyte
GENCORD	ge	T cell	naive	T-cell	CL_0000084	T cell	184	http://ftp.ebi.ac.uk/pub/databases/spot/eQTL/csv/GENCORD/ge/GENCORD_ge_T-cell.all.tsv.gz	http://ftp.ebi.ac.uk/pub/databases/spot/eQTL/credible_sets/GENCORD_ge_T-cell.purity_filtered.txt.gz	GENCORD_ge_T cell
Kasela_2017	microarray	CD4+ T cell	naive	T-cell_CD4	CL_0000624	CD4-positive, alpha-beta T cell	280	http://ftp.ebi.ac.uk/pub/databases/spot/eQTL/csv/Kasela_2017/microarray/Kasela_2017_microarray_T-cell_CD4.all.tsv.gz	http://ftp.ebi.ac.uk/pub/databases/spot/eQTL/credible_sets/Kasela_2017_microarray_T-cell_CD4.purity_filtered.txt.gz	Kasela_2017_microarray_CD4+ T cell
Kasela_2017	microarray	CD8+ T cell	naive	T-cell_CD8	CL_0000625	CD8-positive, alpha-beta T cell	269	http://ftp.ebi.ac.uk/pub/databases/spot/eQTL/csv/Kasela_2017/microarray/Kasela_2017_microarray_T-cell_CD8.all.tsv.gz	http://ftp.ebi.ac.uk/pub/databases/spot/eQTL/credible_sets/Kasela_2017_microarray_T-cell_CD8.purity_filtered.txt.gz	Kasela_2017_microarray_CD8+ T cell
Naranbhai_2015	microarray	neutrophil	naive	neutrophil_CD16	CL_0000775	neutrophil	93	http://ftp.ebi.ac.uk/pub/databases/spot/eQTL/csv/Naranbhai_2015/microarray/Naranbhai_2015_microarray_neutrophil_CD16.all.tsv.gz	http://ftp.ebi.ac.uk/pub/databases/spot/eQTL/credible_sets/Naranbhai_2015_microarray_neutrophil_CD16.purity_filtered.txt.gz	Naranbhai_2015_microarray_neutrophil
Nedelec_2016	ge	macrophage	naive	macrophage_naive	CL_0000235	macrophage	163	http://ftp.ebi.ac.uk/pub/databases/spot/eQTL/csv/Nedelec_2016/ge/Nedelec_2016_ge_macrophage_naive.all.tsv.gz	http://ftp.ebi.ac.uk/pub/databases/spot/eQTL/credible_sets/Nedelec_2016_ge_macrophage_naive.purity_filtered.txt.gz	Nedelec_2016_ge_macrophage
Quach_2016	ge	monocyte	naive	monocyte_naive	CL_0002057	CD14-positive, CD16-negative classical monocyte	200	http://ftp.ebi.ac.uk/pub/databases/spot/eQTL/csv/Quach_2016/ge/Quach_2016_ge_monocyte_naive.all.tsv.gz	http://ftp.ebi.ac.uk/pub/databases/spot/eQTL/credible_sets/Quach_2016_ge_monocyte_naive.purity_filtered.txt.gz	Quach_2016_ge_monocyte
Schmiedel_2018	ge	B cell	naive	B-cell_naive	CL_0000236	B cell	91	http://ftp.ebi.ac.uk/pub/databases/spot/eQTL/csv/Schmiedel_2018/ge/Schmiedel_2018_ge_B-cell_naive.all.tsv.gz	http://ftp.ebi.ac.uk/pub/databases/spot/eQTL/credible_sets/Schmiedel_2018_ge_B-cell_naive.purity_filtered.txt.gz	Schmiedel_2018_ge_B cell
Schmiedel_2018	ge	CD16+ monocyte	naive	monocyte_CD16_naive	CL_0002396	CD14-low, CD16-positive monocyte	90	http://ftp.ebi.ac.uk/pub/databases/spot/eQTL/csv/Schmiedel_2018/ge/Schmiedel_2018_ge_monocyte_CD16_naive.all.tsv.gz	http://ftp.ebi.ac.uk/pub/databases/spot/eQTL/credible_sets/Schmiedel_2018_ge_monocyte_CD16_naive.purity_filtered.txt.gz	Schmiedel_2018_ge_CD16+ monocyte
Schmiedel_2018	ge	CD4+ T cell	naive	CD4_T-cell_naive	CL_0000624	CD4-positive, alpha-beta T cell	88	http://ftp.ebi.ac.uk/pub/databases/spot/eQTL/csv/Schmiedel_2018/ge/Schmiedel_2018_ge_CD4_T-cell_naive.all.tsv.gz	http://ftp.ebi.ac.uk/pub/databases/spot/eQTL/credible_sets/Schmiedel_2018_ge_CD4_T-cell_naive.purity_filtered.txt.gz	Schmiedel_2018_ge_CD4+ T cell
Schmiedel_2018	ge	CD8+ T cell	naive	CD8_T-cell_naive	CL_0000625	CD8-positive, alpha-beta T cell	89	http://ftp.ebi.ac.uk/pub/databases/spot/eQTL/csv/Schmiedel_2018/ge/Schmiedel_2018_ge_CD8_T-cell_naive.all.tsv.gz	http://ftp.ebi.ac.uk/pub/databases/spot/eQTL/credible_sets/Schmiedel_2018_ge_CD8_T-cell_naive.purity_filtered.txt.gz	Schmiedel_2018_ge_CD8+ T cell
Schmiedel_2018	ge	NK cell	naive	NK-cell_naive	CL_0000623	natural killer cell	90	http://ftp.ebi.ac.uk/pub/databases/spot/eQTL/csv/Schmiedel_2018/ge/Schmiedel_2018_ge_NK-cell_naive.all.tsv.gz	http://ftp.ebi.ac.uk/pub/databases/spot/eQTL/credible_sets/Schmiedel_2018_ge_NK-cell_naive.purity_filtered.txt.gz	Schmiedel_2018_ge_NK cell
Schmiedel_2018	ge	Tfh cell	naive	Tfh_memory	CL_0002038	T follicular helper cell	89	http://ftp.ebi.ac.uk/pub/databases/spot/eQTL/csv/Schmiedel_2018/ge/Schmiedel_2018_ge_Tfh_memory.all.tsv.gz	http://ftp.ebi.ac.uk/pub/databases/spot/eQTL/credible_sets/Schmiedel_2018_ge_Tfh_memory.purity_filtered.txt.gz	Schmiedel_2018_ge_Tfh cell
Schmiedel_2018	ge	Th1 cell	naive	Th1_memory	CL_0000545	T-helper 1 cell	82	http://ftp.ebi.ac.uk/pub/databases/spot/eQTL/csv/Schmiedel_2018/ge/Schmiedel_2018_ge_Th1_memory.all.tsv.gz	http://ftp.ebi.ac.uk/pub/databases/spot/eQTL/credible_sets/Schmiedel_2018_ge_Th1_memory.purity_filtered.txt.gz	Schmiedel_2018_ge_Th1 cell
Schmiedel_2018	ge	Th1-17 cell	naive	Th1-17_memory	CL_0000899	T-helper 17 cell	88	http://ftp.ebi.ac.uk/pub/databases/spot/eQTL/csv/Schmiedel_2018/ge/Schmiedel_2018_ge_Th1-17_memory.all.tsv.gz	http://ftp.ebi.ac.uk/pub/databases/spot/eQTL/credible_sets/Schmiedel_2018_ge_Th1-17_memory.purity_filtered.txt.gz	Schmiedel_2018_ge_Th1-17 cell
Schmiedel_2018	ge	Th17 cell	naive	Th17_memory	CL_0000899	T-helper 17 cell	89	http://ftp.ebi.ac.uk/pub/databases/spot/eQTL/csv/Schmiedel_2018/ge/Schmiedel_2018_ge_Th17_memory.all.tsv.gz	http://ftp.ebi.ac.uk/pub/databases/spot/eQTL/credible_sets/Schmiedel_2018_ge_Th17_memory.purity_filtered.txt.gz	Schmiedel_2018_ge_Th17 cell
Schmiedel_2018	ge	Th2 cell	naive	Th2_memory	CL_0000546	T-helper 2 cell	89	http://ftp.ebi.ac.uk/pub/databases/spot/eQTL/csv/Schmiedel_2018/ge/Schmiedel_2018_ge_Th2_memory.all.tsv.gz	http://ftp.ebi.ac.uk/pub/databases/spot/eQTL/credible_sets/Schmiedel_2018_ge_Th2_memory.purity_filtered.txt.gz	Schmiedel_2018_ge_Th2 cell
Schmiedel_2018	ge	Treg memory	naive	Treg_naive	CL_0002677	naive regulatory T cell	89	http://ftp.ebi.ac.uk/pub/databases/spot/eQTL/csv/Schmiedel_2018/ge/Schmiedel_2018_ge_Treg_naive.all.tsv.gz	http://ftp.ebi.ac.uk/pub/databases/spot/eQTL/credible_sets/Schmiedel_2018_ge_Treg_memory.purity_filtered.txt.gz	Schmiedel_2018_ge_Treg memory
Schmiedel_2018	ge	Treg naive	naive	Treg_memory	CL_0002678	memory regulatory T cell	89	http://ftp.ebi.ac.uk/pub/databases/spot/eQTL/csv/Schmiedel_2018/ge/Schmiedel_2018_ge_Treg_memory.all.tsv.gz	http://ftp.ebi.ac.uk/pub/databases/spot/eQTL/credible_sets/Schmiedel_2018_ge_Treg_naive.purity_filtered.txt.gz	Schmiedel_2018_ge_Treg naive
Schmiedel_2018	ge	monocyte	naive	monocyte_naive	CL_0002057	CD14-positive, CD16-negative classical monocyte	91	http://ftp.ebi.ac.uk/pub/databases/spot/eQTL/csv/Schmiedel_2018/ge/Schmiedel_2018_ge_monocyte_naive.all.tsv.gz	http://ftp.ebi.ac.uk/pub/databases/spot/eQTL/credible_sets/Schmiedel_2018_ge_monocyte_naive.purity_filtered.txt.gz	Schmiedel_2018_ge_monocyte
